Kanye West image KANYE WEST
KANYE WEST
 ADD TO FAVORITES

 The Strokes image THE STROKES
THE STROKES
 ADD TO FAVORITES

 The Killers image THE KILLERS
THE KILLERS
 ADD TO FAVORITES
 Beck image BECK
BECK
 ADD TO FAVORITES

 Robyn image ROBYN
ROBYN
 ADD TO FAVORITES

 Death Cab For Cutie image DEATH CAB FOR CUTIE
DEATH CAB FOR CUTIE
 ADD TO FAVORITES
 M83 image M83
M83
 ADD TO FAVORITES

 HAIM image HAIM
HAIM
 ADD TO FAVORITES

 Of Monsters And Men image OF MONSTERS AND MEN
OF MONSTERS AND MEN
 ADD TO FAVORITES
 Chet Faker image CHET FAKER
CHET FAKER
 ADD TO FAVORITES

 Chvrches image CHVRCHES
CHVRCHES
 ADD TO FAVORITES

 De La Soul image DE LA SOUL
DE LA SOUL
 ADD TO FAVORITES
 Two Door Cinema Club image TWO DOOR CINEMA CLUB
TWO DOOR CINEMA CLUB
 ADD TO FAVORITES

 Miike Snow image MIIKE SNOW
MIIKE SNOW
 ADD TO FAVORITES

 Father John Misty image FATHER JOHN MISTY
FATHER JOHN MISTY
 ADD TO FAVORITES
 Jamie XX image JAMIE XX
JAMIE XX
 ADD TO FAVORITES

 Bloc Party image BLOC PARTY
BLOC PARTY
 ADD TO FAVORITES

 Gary Clark Jr. image GARY CLARK JR.
GARY CLARK JR.
 ADD TO FAVORITES
 Miguel image MIGUEL
MIGUEL
 ADD TO FAVORITES

 Matt and  Kim image MATT AND KIM
MATT AND KIM
 ADD TO FAVORITES

 Big Grams image BIG GRAMS
BIG GRAMS
 ADD TO FAVORITES
 Lord Huron image LORD HURON
LORD HURON
 ADD TO FAVORITES

 Action Bronson image ACTION BRONSON
ACTION BRONSON
 ADD TO FAVORITES

 Purity Ring image PURITY RING
PURITY RING
 ADD TO FAVORITES
 Mac Miller image MAC MILLER
MAC MILLER
 ADD TO FAVORITES

 Courtney Barnett image COURTNEY BARNETT
COURTNEY BARNETT
 ADD TO FAVORITES

 Joey Bada$$ image JOEY BADA$$
JOEY BADA$$
 ADD TO FAVORITES
 Duke Dumont image DUKE DUMONT
DUKE DUMONT
 ADD TO FAVORITES

 Eagles Of Death Metal image EAGLES OF DEATH METAL
EAGLES OF DEATH METAL
 ADD TO FAVORITES

 Galantis image GALANTIS
GALANTIS
 ADD TO FAVORITES
 Thomas Jack image THOMAS JACK
THOMAS JACK
 ADD TO FAVORITES

 Cold War Kids image COLD WAR KIDS
COLD WAR KIDS
 ADD TO FAVORITES

 Years & Years image YEARS & YEARS
YEARS & YEARS
 ADD TO FAVORITES
 Vince Staples image VINCE STAPLES
VINCE STAPLES
 ADD TO FAVORITES

 Catfish and the Bottlemen image CATFISH AND THE BOTTLEMEN
CATFISH AND THE BOTTLEMEN
 ADD TO FAVORITES

 Misterwives image MISTERWIVES
MISTERWIVES
 ADD TO FAVORITES
 Against Me! image AGAINST ME!
AGAINST ME!
 ADD TO FAVORITES

 Christine and the Queens image CHRISTINE AND THE QUEENS
CHRISTINE AND THE QUEENS
 ADD TO FAVORITES

 Vic Mensa image VIC MENSA
VIC MENSA
 ADD TO FAVORITES
 Albert Hammond Jr. image ALBERT HAMMOND JR.
ALBERT HAMMOND JR.
 ADD TO FAVORITES

 Betty Who image BETTY WHO
BETTY WHO
 ADD TO FAVORITES

 Bat For Lashes image BAT FOR LASHES
BAT FOR LASHES
 ADD TO FAVORITES
 Jon Bellion image JON BELLION
JON BELLION
 ADD TO FAVORITES

 FIDLAR image FIDLAR
FIDLAR
 ADD TO FAVORITES

 Marian Hill image MARIAN HILL
MARIAN HILL
 ADD TO FAVORITES
 Bob Moses image BOB MOSES
BOB MOSES
 ADD TO FAVORITES

 Elle King image ELLE KING
ELLE KING
 ADD TO FAVORITES

 Thundercat image THUNDERCAT
THUNDERCAT
 ADD TO FAVORITES
 The Knocks image THE KNOCKS
THE KNOCKS
 ADD TO FAVORITES

 Torres image TORRES
TORRES
 ADD TO FAVORITES

 Bully image BULLY
BULLY
 ADD TO FAVORITES
 Boogie image BOOGIE
BOOGIE
 ADD TO FAVORITES

 Whitney image WHITNEY
WHITNEY
 ADD TO FAVORITES

 Meg Mac image MEG MAC
MEG MAC
 ADD TO FAVORITES
 Black Pistol Fire image BLACK PISTOL FIRE
BLACK PISTOL FIRE
 ADD TO FAVORITES

 Whilk & Misky image WHILK & MISKY
WHILK & MISKY
 ADD TO FAVORITES

 The London Souls image THE LONDON SOULS
THE LONDON SOULS
 ADD TO FAVORITES
 Louis the Child image LOUIS THE CHILD
LOUIS THE CHILD
 ADD TO FAVORITES

 Public Access T.V. image PUBLIC ACCESS T.V.
PUBLIC ACCESS T.V.
 ADD TO FAVORITES

 Day Wave image DAY WAVE
DAY WAVE
 ADD TO FAVORITES
 Nothing image NOTHING
NOTHING
 ADD TO FAVORITES

 Holly Miranda image HOLLY MIRANDA
HOLLY MIRANDA
 ADD TO FAVORITES

 Blank Range image BLANK RANGE
BLANK RANGE
 ADD TO FAVORITES
 Eliot Sumner image ELIOT SUMNER
ELIOT SUMNER
 ADD TO FAVORITES

 Tor Miller image TOR MILLER
TOR MILLER
 ADD TO FAVORITES

 Transviolet image TRANSVIOLET
TRANSVIOLET
 ADD TO FAVORITES
 SPECIAL GUEST image SPECIAL GUEST
SPECIAL GUEST
 ADD TO FAVORITES
